image,silhouette_score
15 no.jpg,0.6262594804553623
22 no.jpg,0.698554848557731
human_bladder_04.png,0.5530997771791857
