image,silhouette_score
G_108_HF__10.jpg,0.3714670291371665
G_108_RO__8.jpg,0.3909213991394753
G_124_SP__3.jpg,0.24710174745016786
N_101_VF__2.jpg,0.28294976210014466
